model,exact_match,rouge1_f1,rouge2_f1,rougeL_f1,bleu,meteor,inference_time_sec
SeaLLMs-v3-7B,0.22941176470588234,0.659840916885879,0.5822690399200614,0.647082294145966,0.31397082527275805,0.7249229605670489,197.49419450759888
