model,exact_match,rouge1_f1,rouge2_f1,rougeL_f1,bleu,meteor,inference_time_sec
Meta-Llama-3.1-8B,0.0,0.20121005908251738,0.15706890321475375,0.18841523825526074,0.07748093545696456,0.41779033194996384,245.4553258419037
Aya-23-8B,0.0029411764705882353,0.16340273264654748,0.12419736073718379,0.15591573161661015,0.05646216391383381,0.3602735781777285,221.70533752441406
SeaLLMs-v3-7B,0.10882352941176471,0.4925283951899355,0.41623450710341714,0.4677221218525687,0.16856413602653955,0.5985995045856154,191.71781468391418
SEA-LION-v3-8B,0.0,0.21339415547170457,0.16246019168823647,0.19724694322163244,0.07921942137583882,0.42189609435308556,245.575190782547
Sahabat-AI-8B,0.03529411764705882,0.3962213230474988,0.3180131946387926,0.3766503183997357,0.1407169864960856,0.5072294065138974,7442.306040048599